Id,Content,Sentiment
49640624,"The end.",Negative
43505275,"GOD OVER EVERYTHING.",Negative
43505275,"I'm sorry.",Negative
43505275,"God... please forgive me.",Negative
43505275,"This day couldn't get any worse...",Negative
43505275,"I'm about to delete my twitter in a second",Negative
9.19428E+17,"RT @BlvckGrip: depression: i want to die",Negative
9.19428E+17,"RT @Pouyalilpou: I want to fucking die sometimes",Negative
9.19428E+17,"@EliseLaurenne When I die, I want this face to be the last thing I see.",Negative
9.19428E+17,"RT @memetribute: when people ask why your twitter is full of tweets of you just saying 'i want to die' repeatedly https://t.co/qQkNCxQ7Qx",Negative
9.19427E+17,"@CETS_ I've been struggling through depression for about a year now and my mom died to stage four brain cancer and it's been hard.",Negative
4.28254E+17,"My family would probably be better off without me.",Negative
4.28375E+17,"My family would be better off without me",Negative
4.28566E+17,"Im starting to think that my family would be better off, ultimately, without me. #fuckup #moreharmthangood",Negative
4.28662E+17,"https://t.co/GyaVLAGjGS THIS jaggoff performs exorcisms over Skype. The power of Christ compels you! @joerogan @duncantrussell @DBolelli",Negative
4.28953E+17,"If I ever have to write a lesson plan in a group again I'm gonna kill myself",Negative
4.29375E+17,"@S_LYNGSTAD wow! What a jaggoff. Drink some more budlight and get a grip! Leave parents out before I talk about YO MAMA!",Negative
4.29437E+17,"@Jb_reaper @TmarTn ALSO, judging from his jumping and prone techniques, looks like if the IED is at a certain height, jump or prone, you die",Negative
4.29445E+17,"My family would be better off without me..",Negative
4.29515E+17,"RT @RonnieRadke: Indirect tweets are cowardly. this tweet is direct to all the indirect. Indirectly. Courageously :)",Negative
4.2952E+17,"RT @RonnieRadke: Indirect tweets are cowardly. this tweet is direct to all the indirect. Indirectly. Courageously :)",Negative
4.29546E+17,"RT @gokaxmomurda408: Sometimes ifeel like my family would be better off without me.",Negative
4.3008E+17,"@maliksidiot: Indirect to 95% of my school who think depression and suicide is a joke http://t.co/7v50zgfrOu",Negative
4.30067E+17,"indirect suicide?",Negative
4.30123E+17,"I have a specific plan to kill myself.",Negative
4.30085E+17,"Seems as if my family would be better off(and much happier) without me :",Negative
4.30087E+17,"RT @AndreiTheWizard: Seems as if my family would be better off(and much happier) without me :",Negative
4.30227E+17,"My family would be better off without me anyway",Negative
4.30257E+17,"RT @catpennies: #patriarchyis a fear of fatness, an idealization of whiteness, a quashing of sexuality, and a colonization of agency.",Negative
4.30259E+17,"RT @catpennies: #patriarchyis a fear of fatness, an idealization of whiteness, a quashing of sexuality, and a colonization of agency.",Negative
4.30687E+17,"No. I do not plan to kill myself. I have a planet to secularize. No time to die: Daniel Vragsinn",Positive
4.30568E+17,"Shamefaced",Negative
4.30772E+17,"Right after I interview a woman working to end sexual harassment on Metro and transit systems, I get harassed on Metro. Sounds about right.",Negative
4.30786E+17,"Video: Witnesses from Home Depot: Nagin sent threatening, intimidating emails http://t.co/iZY0DeItB4",Negative
4.30796E+17,"threatening emails from Yelp are the best.",Negative
4.30809E+17,"According to @MikeMiss975, Internet troll has been harassing and threatening me and my family for the last 4 years http://t.co/jdmazSlwjv",Negative
4.30817E+17,"Believed to be same guy who sent threatening emails to Roger Williams law school earlier today.",Negative
4.3086E+17,"everyone around me, my friends, my family, would be so much better off without me",Negative
4.30889E+17,"@GoOnAshlee So have I so I have a plan to turn 18 and kill myself...",Negative
4.30911E+17,"@annambostick: My family would probably be better off without me ?? don't say that ????!",Negative
4.30912E+17,"Reproachful b*tch",Negative
4.31055E+17,"You'll be sorry when I'm gone.",Negative
4.3105E+17,"My friends go first... Point blank. My family would be better off without me, so yeah. Friends come first",Negative
4.31038E+17,"Heavy hearted. Very heavy hearted.",Negative
4.31029E+17,"i'm too depressed to go on, you'll be sorry when i'm gone.",Negative
4.30979E+17,"You'll be sorry when i'm gone..",Negative
4.31056E+17,"you'll be sorry when I'm gone",Negative
4.31056E+17,"What is something you have always wanted to try?  Hm..cutting wrist? Not eating till I get super thin? Jk!!! Ha... http://t.co/0sPVUGmr9O",Negative
4.31058E+17,"Had one of those fretful nights. Hoping today goes well. Sword of Damocles is hanging above me for some reason.",Negative
4.31058E+17,"RT @JillianChantal: Had one of those fretful nights. Hoping today goes well. Sword of Damocles is hanging above me for some reason.",Negative
4.31059E+17,"Heavy hearted.",Negative
4.3106E+17,"RT @sydneynikol: Shoutout to @JesseBenton for almost cutting my wrist off and @JoshDudley_8 for almost catching my whole arm on fire ??",Negative
4.31063E+17,"Hey guys, I'm back home. Today is kind of cheerless. I just want to go to bed and sleep. D:",Negative
4.31063E+17,"You'll be sorry when I'm gone.",Negative
4.31064E+17,"Ehret tripping now they be cutting they wrist and shit hanging they self they on that dope here",Negative
4.31064E+17,"@doctaj I've given up today  and am just composing this kind of text: http://t.co/LmPddeRGb5",Negative
4.31066E+17,"So heavy hearted today..#ripmom #ripryan ??????",Negative
4.31076E+17,"Do you often get the feeling that perhaps life isn't worth living?",Negative
4.31078E+17,"Feel like just ending it all, my life isn't worth living without you in it.",Negative
4.31082E+17,"noreen, suicidal lang? cutting your wrist.. hahaha x)",Negative
4.31083E+17,"i bet i wud be cutting my wrist now if i were a girl but hey , turn to Allahswt , its just a test from Him haidar ..",Negative
4.3109E+17,"RT @McKennaLamos: This weather makes me wish I were dead.",Negative
4.3109E+17,"I'm too depressed to go on you'll be sorry when I'm gone",Negative
4.31094E+17,"I'm too depressed to go on, you'll be sorry when I'm gone. ??",Negative
4.31094E+17,"???????suicide attack????????????????????????????????????????????????????????????",Negative
4.31095E+17,"RT @tambund_: you'll be sorry when i'm gone RT @yofanavirgianne @ollenschaa: You're gonna miss me when I'm gone",Negative
4.31106E+17,"Heavy Hearted.",Negative
4.31106E+17,"Life really isn't worth living. ??",Negative
4.31109E+17,"You'll be sorry when I'm gone.",Negative
4.31112E+17,"I'm too depressed, to go on, you'll be sorry when I'm gone",Negative
4.31116E+17,"I wish you were dead.",Negative
4.31118E+17,"RT @TheBucktList: Before I die, I want to http://t.co/kMDZeqiBAJ",Negative
4.31118E+17,"RT @yourbucketIist: ??? before i die, i want to http://t.co/93wDzdQ0ke",Negative
4.3112E+17,"@88bottlesinaday and should you die before me , I'll do the same ?",Negative
4.3112E+17,"I wanna get away....but I don't know where. I don't want to leave. #sad #badday #depressed #tired http://t.co/LHkGwk6qap",Negative
4.3112E+17,"RT @FeelinggsSuckk: I'm more depressed then ever..",Negative
4.3112E+17,"Depressed. Angry. Tired. Done",Negative
4.3112E+17,"very disappointed @nusuk isn't offering anything closet to an alternative. http://t.co/HfoMphEu2K @newstatesman @mmurphy17 #spoilyourvote",Negative
4.3112E+17,"Disappointed.",Negative
4.31121E+17,"RT @Mr_Carterr: i'm so heartbroken by this . my prayers go out to her family and friends . ?? #MagconMaddie http://t.co/eRgb3tWekE",Negative
4.31122E+17,"I'm hopeless and awkward and desperate .",Negative
4.31122E+17,"Full on harassing me at the end of school",Negative
4.31125E+17,"Drowning my sorrows in dirty chai and tattoo shows",Negative
4.31128E+17,"She's all alone again, wipping the tears from her eyes. Someday she feels like dying, she gets so sick of crying.",Negative
4.31128E+17,"or wake at night alone,I am to wait I do not doubt I am to meet you again,I am to see to it that I do not lose you. #WaltWhitman",Negative
4.31128E+17,"Feel so alone :(",Negative
4.31128E+17,"I just need to leave her alone before I scare her away",Negative
4.31128E+17,"Well I tried to live without you, and tears fall from my eyes, I'm alone and I feel empty, God I'm torn apart inside!",Negative
4.31128E+17,"He Looks so Dejected and Sad......:( http://t.co/3NivkaHThO",Negative
4.31129E+17,"RT @butbandlyrics: I walk this empty street along the boulevard of broken dreams.",Negative
4.31129E+17,"I'm such an outcast in my family:",Negative
4.31129E+17,"What a day??... Isolated status!",Negative
4.31131E+17,"annoyed and upset ??????",Negative
4.31132E+17,"I am unbearably alone",Negative
4.31133E+17,"This movie got me all kids of depressed and disoriented like which way is up and down?",Negative
4.31133E+17,"With the fearful strain that is on me night and day, if I did not laugh I should die....lolx",Negative
4.31133E+17,"I'm hella anxious.",Negative
4.31134E+17,"@UnusualFactPage: Music reduces anxiety, and also helps your mind and body get through stressful times.",Positive
4.31134E+17,"The anxiety is killing me.",Negative
4.31136E+17,"RT @wallingf: Planning is easy. Delivery is hard.",Positive
4.31144E+17,"Refusal. Anger. negotiation. depression. acceptance",Negative
4.31145E+17,"@deemota Thanks man. The anxiety might kill me.",Negative
4.31145E+17,"Fear is what stops you... courage is what keeps you going.",Positive
4.31146E+17,"Depression is killing me.",Negative
4.31146E+17,"Depressed",Negative
4.31146E+17,"RT @drxwssilver: demi was depressed & everyone said stay strong, selena goes to rehab & everyone says stay strong, justins depressed and ever",Negative
4.31146E+17,"RT @Drakee_YMCMB: Telling someone who's depressed to 'Just get over it' is like telling a blind person to 'Just look harder'",Negative
9.19571E+17,"RT @myIostsoul: loneliness is all i've been feeling lately and it hurts",Negative
9.19573E+17,"I felt happy seeing an Arsenal fan and a Chelsea fan talking 2 or 1 another about their chances of winning d league title",Positive
573465860,"RT @Fact: People who enjoy helping others and or spending money on others tend to be less stressed and happier.",Positive
3469282094,"love is when your parents eat the old rice so you can enjoy the fresh batch.",Positive
2377192200,"@mattarihinoaras enjoy",Positive
2910649192,"RT @VisitChinaNow: Enjoy the spice of life. Try hotpot, the shining star of Sichuan cuisine",Positive
2638241781,"RT @leezy_floetry: Stop stressing about school and just enjoy life. Live in the moment.",Positive
1118745194,"RT @MotivatinQuotes: Enjoy life, remember to be grateful for the little things, be kind to the people around you and follow your heart.",Positive
928009003,"RT @Quote_Soup: Ask yourself what is really important and then have the courage to build your life around your answer.",Positive
371250845,"The most important thing in life is to decide what's most important",Positive
9.09643E+17,"RT @CentrumSA: Staying active is one of the most important ingredients of a healthy life",Positive
8.25524E+17,"RT @LifeWithJohn: Your positive action combined with positive thinking results in success.",Positive
1410767233,"Positive Thinking: Find Happiness And Achieve Your Goals Through The Power Of Positive Thought free ebook",Positive
9.19578E+17,"RT @gilberra: This makes my heart full of joy. God is faithful! Congrats @kaylabrooke_20 ! @RoyLucas_SKQBs https://t.co/iyCi1sSx2u",Positive
9.19577E+17,"RT @FlowersbyIndira: Holy Mother of God! I'm full of joy. Thank you @valentinifrank",Positive
9.19577E+17,"RT @gilberra: This makes my heart full of joy. God is faithful! Congrats @kaylabrooke_20 ! @RoyLucas_SKQBs https://t.co/iyCi1sSx2u",Positive
9.19576E+17,"@Noounita   Happy birthday I wish happy you a life full of happiness and joy",Positive
9.19576E+17,"RT @swaisglass @BaileeMadison happy birthday you talented gal!!!! Hope it's full of Joy!!!",Positive
9.19576E+17,"Today's #TheMindfulBreak spread looks lovely ! A sight to breathe in full of joy, peace and love  #blogginglif https://t.co/jghxoe0eVn",Positive
9.19576E+17,"@BaileeMadison happy birthday you talented gal!!!! Hope it's full of joy",Positive
9.19574E+17,"RT @bettinaschroed5: @pintsize73 Always thanks sooo much my dearest Marie, a time full of love and joy for you, sleep well",Positive
9.19578E+17,"It's true when they say if you start thinking positive, you'll be happier",Positive
9.19578E+17,"Believe in positive thinking. Life is a beautiful thing. Be your own motivation.",Positive
9.19577E+17,"Ways of Positive Thinking https://t.co/PhCDR0voyM https://t.co/E5iedWwLiF",Positive
9.16468E+17,"Knowing they were doing something to resist Umbridge and the Ministry gave Harry a feeling of immense satisfaction",Positive
9.1958E+17,"RT @RickRoss: Even if you ain't got no paper,bring your motivation to the table.",Positive
9.19585E+17,"RT @KevinMalunga: One year after 'retirement'.@ThuliMadonsela3.I hope you are enjoying the busy 'pensioner' life. https://t.co/ivEpmoQV07",Positive
9.19582E+17,"Life isn't about having things to enjoy life. It's about enjoying life with the things you have.",Positive
9.1958E+17,"RT @LilTeek_: Real life enjoying the lil things that matters the most",Positive
9.19585E+17,"RT @CanberraBahai: Baha'is all over the world are celebrating the Bicentenary of the Birth of Baha'u'llah.",Positive
9.19585E+17,"RT @ManobalaV: Nice gesture by #Suriya fans to create a common DP for celebrating #Anirudh's birthday. #HBDAnirudhBySuriyaFans #TSK #Sodakk",Positive
9.19585E+17,"As Colleen &amp; I begin 35 years of marriage today, I still love my wife &amp; best friend! Great celebrating with @MikeLederer &amp; @trishhthedish",Positive
9.19585E+17,"RT @JeffVeillette: Hockey Etiquette 101: When celebrating a goal, make sure you don't miss anyone. https://t.co/bqr2nFhrLB",Positive
9.19585E+17,"Loved celebrating our sweet Rachel this weekend! #StuckonStalvey https://t.co/WRLHSVHlL5",Positive
9.19585E+17,"RT @CoachLikensASU: Celebrating ANOTHER SunDevil big win with my boyz @NkealHarry15 @kylewilliamsVI #PlayMakerz",Positive
9.19585E+17,"@Thetoffeemen1 @SimonMidi9790 @RonaldKoeman @Everton sure  just get that homework done while celebrating that poin https://t.co/oi7X3ZTLGy",Positive
9.19585E+17,"@priyank_acharya @JPNadda World has got the right path celebrating D 'Matri pitri pujan diwas' started by #Bapuji.",Positive
9.19585E+17,"RT @babycarebot: It's okay to be proud of your progress even if you're not exactly where you want to be. You're getting there",Positive
9.19585E+17,"RT @HelmanDC: I know you think you're sad that the Cowboys don't play today. But any day your team can't lose is an occasion worth celebrate",Positive
9.19585E+17,"RT @BabitaBandhu: @MLekhiOffice World got the right path celebrating 'Matri pitri pujan diwas' started by #Bapuji. #ServiceForHumanity",Positive
9.19589E+17,"RT @CapcomFighters: Congratulations again to @tokidoki77 for taking the Asia Regional Finals title! Thanks to @Yoshi_OnoChin for giving out",Positive
9.19589E+17,"RT @NiallOfficial: 2 wins in 2 weeks . Congratulations @TyrrellHatton ! Machine",Positive
9.19589E+17,"RT @Beebri97: @Quueenn_M Girl I wanna look this good when I'm pregnant lol. Congratulations beautiful! I hope it's a girl so she can be like u",Positive
9.19589E+17,"RT @NiallOfficial: 2 wins in 2 weeks . Congratulations @TyrrellHatton ! Machine",Positive
9.19589E+17,"RT @Gorb_FanClub: Congratulations to Gorb for graduating middle school. We all hope you strive for greatness like you do on cod4",Positive
9.19589E+17,"RT @virendersehwag: Congratulations India on beating Pakistan 3-1 in #AsiaCup2017 #INDvPAK . Thank you for the advance diwali gift @TheHock",Positive
9.19589E+17,"Congratulations, Jim! I'm  a great editor, not a great media artist.",Positive
9.19589E+17,"Congratulations, John! I'm a creepy actor, not a sweet actor",Positive
9.17929E+17,"@gimmethefife No one should ever be driven to the point of suicide... especially not by those you have done nothing but cared for..",Positive
9.1959E+17,"RT @LSUBonnette: Had a feeling it was going to be a great day got to meet John Stockton before the game",Positive
9.1959E+17,"What a great feeling and never gave up well done @67Shakey @BeWiser kept a cool head all weekend. #age is nothing https://t.co/GDFHwwsk2s",Positive
9.1959E+17,"I woke up feeling great.",Positive
9.19591E+17,"@o_crunk Keep it up, you do good work!",Positive
9.19591E+17,"Paxton fans keep up the good work !  This young lady is really talented",Positive
9.19591E+17,"Work two jobs, in school, gotta car, my own apartment, a boo , life's going good for me right now and I'm only 19",Positive
9.19591E+17,"Bad habits are more difficult to identify in your work life. #careerinspiration #careergrowth #habits",Positive
9.19591E+17,"Happy birthday big guy keep up the good work @Brandon_Leach7",Positive
9.19591E+17,"RT @myugnjuns: anyways arohas lets work hard to show our love and support for astro in this comeback as they provide us with another good",Positive
9.19592E+17,"I have amazing people in my life that encourage nothing except the positive. Thank you Lord for blessing me.",Positive
9.19592E+17,"@dianapmarez It's a great time in life! We can help you design an amazing wedding.",Positive
9.19592E+17,"RT @ShorouqAD: Choose a job you Love and you will never have to work a day in your life. Happy future our amazing students",Positive
9.19593E+17,"#Success consists of going from failure to failure without loss of enthusiasm.  Winston Churchill #quote #persistence",Positive
9.19593E+17,"RT @jenanmoussa: I love to see Palestinians dancing and having fun. Good &amp;positive stories deserve to go viral as well.",Positive
9.19593E+17,"RT @deepee_xo: It's all fun &amp; games until you're throwing up hotcheetos https://t.co/WFnQHu3vaA",Positive
9.19593E+17,"RT @lisapryor23: @MillwallFC @zampathelion what a fun day ! https://t.co/jr18uTkFX4",Positive
9.19593E+17,"@tmotsenbocker @TheAcademic @judahandthelion Take it all back was so fun https://t.co/iewkzKosB8",Positive
9.19594E+17,"@Target I am loving you a.n.d line at the moment! And my bank balance is liking it too! Great style made affordable #style #shopping",Positive
9.19593E+17,"RT @juicymarilee: i am such a loving and caring person",Positive
9.19592E+17,"sbux is exclusively playing rostam and beck i am loving it",Positive
9.19592E+17,"@GemBrodie I have liked Ryder for quite awhile &amp; it was good to see him perform on a televised fight. I am loving it",Positive
9.19589E+17,"I am loving what I just read about #VR. Love it!",Positive
9.19597E+17,"RT @hullablue: Daughter was delighted to see this assistant referee today 'her hair is like mine, can I be a referee? '",Positive
9.19597E+17,"RT @therealMickeyT: Wasn't the performance we wanted but delighted with a point we're still unbeaten &amp; got the best GK in the world",Positive
9.19598E+17,"RT @theseoulstory: Cheers for more wonderful years with HIGHLIGHT  Happy 8th anniversary, guys! @ent_aroundus #CELEBRATE_HIGHLIGHT",Positive
9.19598E+17,"RT @VibeFeeIings: Your hardest times often lead to the greatest moments of your life. Keep the faith. It will all be worth in the end.",Positive
9.19598E+17,"@Rukaarii Just woken up, very pleased he won. Was it a good match?",Positive
9.19598E+17,"@JulieJoyce Sounds pretty fine to me  and very pleased to hear that creepy is your cup of tea, too!",Positive
9.19598E+17,"RT @PrincessSGB: I'm pleased to announce that I will be releasing a limited amount of my 'Why U Mad?' Merch this Friday! #WhyUMad",Positive
9.19597E+17,"RT @TigrisSafaris: The Indian Roller, a bird considered auspicious in India. #IncredibleIndia #TigrisSafaris #photooftheday #wildlifephoto",Positive
9.19596E+17,"RT @mpparimal: Remembering the legendary former #PresidentOfIndia Sh #APJAbdulKalam on his auspicious birthday",Positive
9.19599E+17,"RT @ImRaina: What a dominating performance, @TheHockeyIndia! Let the celebrations begin Best wishes for the games ahead",Positive
9.19599E+17,"RT @narendramodi: Delighted to join the Centenary Celebrations of Patna University. Sharing my speech during the programme today.",Positive
9.19599E+17,"Focus on opportunities more than you focus on money.",Positive
9.19599E+17,"RT @0mysky: If you find someone that makes you happy, enjoy it... life is not fair nor give many opportunities... https://t.co/dCBwDeQVH8",Positive
9.196E+17,"RT @mkoirala: Just keep going forward, no matter what #Motivation #Success #Life",Positive
9.19568E+17,"Jealousy is important for a person to move ahead in life. It keeps you on your toes and helps you realize",Positive
9.19361E+17,"I be asking god why do I keep loosing people in my life but I see why everyday you can't move ahead in life",Negative
9.18654E+17,"RT @iamfabrizio: Sometimes in life &amp; love situations in order to move ahead we just have to give ourselves over to being vulnerable &amp",Positive
9.1865E+17,"RT @VRachal33: I swear to move forward or get ahead in life",Positive
9.19601E+17,"Done with the stress",Negative
9.19601E+17,"May you live every day of your life: Jonathan Swift",Positive
9.19601E+17,"Appreciate and be grateful for every given moment and live your life with love + joy  #EnjoyLife #EnjoyFriends https://t.co/1Qwj7Jtq8N",Positive
9.19601E+17,"@bobby_bobbles @snovvvhite live your best life",Positive
9.19601E+17,"Life's so short man I couldnt stress enough how important it is for you to live your love with peace and good energy!",Positive
9.19601E+17,"#inspiringvanessa You were BORN to live YOUR life and NOT someone else's",Positive
9.19932E+17,"RT @dracomallfoys: yeah well math made me want to fucking kill myself why don't yall pull that off from the curriculum https://t.co/GvgeAHP",Negative
9.19932E+17,"When Kashdoll said, 'Yall hoes kill me always want the next bitch issue, Bitch you want her life but dont know what she been through'",Negative
9.19932E+17,"RT @justnbzzle: Can someone kill me? I hate school",Negative
9.19932E+17,"RT @L1LDebbie: Im a loser baby so why don't you kill me",Negative
9.19902E+17,"I know in the end I will be left again because myself is not important at all",Negative
9.19933E+17,"RT @LoniLove: Be true to yourself and love anyone your heart desires! #NationalComingOutDay https://t.co/uXUUAD3Nax",Positive
9.19933E+17,"RT @NOTORIOUSAALI: HOW U OUT HERE STRESSING &amp; HELPING PEOPLE, WHEN U AINT STRAIGHT YOURSELF??? U HAVE TO MAKE SURE UR GOOD BEFORE U COULD",Positive
9.19933E+17,"Learn to love yourself first. Be happy alone. No one will love you or be happy with you if you can't even do it.  them facts.",Positive
9.19933E+17,"RT @SEOKJIN_PH: ARMYs, after all of this, win or lose, reward youself.You deserve it.Don't beat yourself up.Love Yourself.",Positive
9.19933E+17,"RT @biebersmaniabrs: 'Love Yourself'",Positive
9.19936E+17,"RT @Trump_ton: 'I think you ought to know I'm feeling very depressed'",Negative
9.19932E+17,"@narendramodi hello sir, today I felt very depressed coz my first MBA ACCOUNTS exam wasn't good.",Negative
9.19932E+17,"Read Allegiant by @VeronicaRoth . Why? Why, Veronica, why?! Why did you kill her?!I'm very sad  depressed to read that Tris died.",Negative
9.19929E+17,"@___Scoob Fucku lol shoot me one now",Negative
9.19922E+17,"shoot me now.",Negative
9.19939E+17,"RT @nblesbian: kill me now",Negative
9.19939E+17,"Been up since 3 and now I have work , please kill me",Negative
9.19939E+17,"i'm begging you, pls kill me now",Negative
9.19939E+17,"Kill me now",Negative
9.1994E+17,"Jesus christ  all i wanted was some support but now i can't even ask for that unless it's going to kill me.",Negative
9.1994E+17,"kill me now",Negative
9.1994E+17,"Kill me now https://t.co/OyCK2FaleR",Negative
9.19941E+17,"@SusanKrauseByer @ASlavitt @daft_editor I am so sorry",Negative
9.19933E+17,"RT @kyIeposts: you gotta love yourself before you can properly love someone else.",Positive
9.19933E+17,"yourself! you can do anything if you want. you can be anything if you want. i love you! smile a lot and be happy for me too.",Positive
9.19933E+17,"Always love yourself first before you can love anyone else. Always put your self first bc in the end you will still have yourselves",Positive
9.19933E+17,"Each day, each hour, each minute is just torture. I want it to end",Negative
9.19933E+17,"Waking up every day wishing I hadn't",Negative
9.19933E+17,"I feel like the only way to no longer carry this pain is to die",Negative
9.19933E+17,"I am weird and slow. Every social interaction is painfully awkward",Negative
9.19933E+17,"I want to finish my life",Negative
9.19933E+17,"No one understands me in this life, I'm leaving",Negative
9.19933E+17,"love u",Positive
9.19933E+17,"you are my love",Positive
9.19933E+17,"My suicidal ideation is always there, in the back of my mind. I wouldn't say I'm suicidal currently, but I take comfort in the fact that if it ever gets so bad I could do it. Knowing myself, it's probably how I'll go one day. Not anytime soon, but one day.",Negative
9.19933E+17,"I sometimes have the desire of driving a knife into my heart.",Negative
9.19933E+17,"After being free from ideation for 9 months, I've been thinking about suicide again.",Negative
9.19933E+17,"I Want to Do a Suspension",Negative
9.19933E+17,"I want to commit suicide but I don't want anyone to know about it",Negative
9.19933E+17,"I Think About Suicide",Negative
9.19933E+17,"I want to commit suicide, but I don't want it to be painful",Negative
9.19933E+17,"I Love Happy Music",Positive
9.19933E+17,"I Love Happy People",Positive
9.19933E+17,"I Love Happy Moments",Positive
9.19933E+17,"I Wish My True Love Happy Valentine's Day",Positive
9.19933E+17,"I Love Happy Faces",Positive
9.19933E+17,"I Wish I Could Make Everyone I Love Happy All The Time",Positive
9.19933E+17,"I apologize",Negative
9.19933E+17,"I quit",Negative
9.19933E+17,"be happy always and enjoy ur life",Positive
9.19933E+17,"work for others,you will be happy",Positive
9.19933E+17,"I Love Happy Love Songs",Positive
9.19933E+17,"I Enjoy Helping Others",Positive
9.19933E+17,"I Enjoy Having Friends In My Life",Positive
9.19933E+17,"I Really Want to Enjoy My Life",Positive
9.19933E+17,"I Am Learning to Enjoy Life and Not Fear It",Positive
9.19933E+17,"i hate evey thing around me",Negative
9.19933E+17,"Death is the cure for all diseases",Negative
9.19933E+17,"feeling hopeless n i just want 2 die Not like it matters anyways, no 1 cares.",Negative
9.19933E+17,"because i feel as if i am not a good enough human at ,times and deserve nothing less then to die and pay for it #truths",Negative
9.19933E+17,"I really am sick and tired of my life . I see no point in it .",Negative
9.19933E+17,"I hate how disgusting this world is and I want to die.",Negative
9.19933E+17,"Nothing in life brings me joy anymore and I can't see a future for myself, I just really want to die",Negative
9.19933E+17,"I just don't want to wake up tomorrow. This world isn't meant for me. Really life or online.",Negative
9.19933E+17,"I Just hate my self n i want to die!",Negative
9.19933E+17,"I just think it would be better if I ended it all.",Negative
9.19933E+17,"hate my life .",Negative
9.19933E+17,"feeling hopeless and desperate. I have nothing to lose now. what is the best way to end my life?",Negative
9.19933E+17,"I wish I can die already, this life is horrible",Negative
9.19933E+17,"I really am sick and tired of my life",Negative
9.19933E+17,"I hate how disgusting this world is and I want to die.",Negative
9.19933E+17,"I LOVE MYSELF! I love everything about me!",Positive
9.19933E+17,"You need to LOVE YOURSELF",Positive
936915744863936512,"RT @ASAPYams: very depressed",Negative
936923486316105728,"Pastor plz pray for me as am very depressed",Negative
936923807381458944,"SUGA AND SURAN IN ONE STAGE KILL ME KILL ME NOW",Negative
936924091231092738,"I WANT TO DIE",Negative
936924028266209281,"I Want To Die.",Negative
936923948868034563,"MY STREAM DIED I WANT TO@DIE TOO",Negative
936924028266209281,"I Want To Die",Negative
936923948868034565,"plz kill me",Negative
936924319397105664,"@aegyotaetae: love yourself, love myself, peace.",Positive
936574968191750144,"I just have this sick feeling that you would be better off without me",Negative
936517339356397568,"You would be happier and better off without me, I promise",Negative
936139041115742210,"You guys would be better off without me anyways",Negative
934905280902545408,"@CloudNineSnow I think you guys would be better off without me honestly.",Negative
936924337638166529,"@laypics_: congratulations OUR KING!!",Positive
936921949795598337,"Stress. Kill me now",Negative
936921920687263744,"People kill me",Negative
936916508176822274,"How embarrassing I wish I were dead",Negative
936891199838863360,"my name is edd and i wish i were dead",Negative
936891112328863350,"give respect,take respect",Positive
936891191234556363,"doing suicide now",Negative
936891199841123368,"i love everyone,we all are friends",Positive
933121199838863367,"kill me now",Negative
936491199838863366,"i am loving it.dance is my passion",Positive
933451199838863365,"endless pain in life,end it",Negative
936891149838863364,"lets ave a lot of fun",Positive
912342199838861234,"Nothing left in this world for me,i want to die",Negative
936891199838863362,"I am successful in life",Positive
936891191111233361,"End my life",Negative